<?xml version="1.0" encoding="UTF-8" standalone="yes"?>
<addon id="plugin.video.zalukaj" name="zalukaj" version="0.0.1" provider-name="signes">
    <requires>
        <import addon="xbmc.python" version="2.25.0"/>
        <import addon="script.module.routing" version="0.2.0"/>
        <import addon="script.module.requests" version="2.18.4"/>
        <import addon="script.module.beautifulsoup4" version="4.3.2"/>

    </requires>
    <extension point="xbmc.python.pluginsource" library="main.py">
        <provides>video</provides>
    </extension>
    <extension point="xbmc.addon.metadata">
        <summary lang="en_GB">Zalukaj</summary>
        <summary lang="pl_PL">Zalukaj</summary>
        <description lang="en_GB">Stream movies and tv series from zalukaj service.</description>
        <description lang="pl_PL">Oglądaj filmy i seriale dostępne na portalu zalukaj.</description>
        <language></language>
        <platform>all</platform>
        <forum></forum>
        <email></email>
        <license>MIT</license>
        <website>https://github.com/signes-pl/kodi-plugin-video-zalukaj</website>
        <source>https://github.com/signes-pl/kodi-plugin-video-zalukaj/tree/master/plugin.video.zalukaj</source>
        <news></news>
        <disclaimer></disclaimer>
        <assets>
            <icon>icon.png</icon>
            <fanart>fanart.jpg</fanart>
        </assets>
    </extension>
</addon>
